818384,Mr.,Peter,Washington,peter.washington@gold.pcdc.local
883936,Mr.,Douglas,Flores,douglas.flores@ gold.pcdc.local
183071,Ms.,Andrea,Garcia,andrea.garcia@ gold.pcdc.local
392491,Mrs.,Theresa,Murphy,theresa.murphy@gold.pcdc.local
704709,Mr.,Harold,Nelson,harold.nelson@gold.pcdc.local
212893,Ms.,Janet,Henderson,janet.henderson@gold.pcdc.local
533952,Mrs.,Kelly,Adams,kelly.adams@gold.pcdc.local
621833,Mr.,Gregory,Edwards,gregory.edwards@gold.pcdc.local
241882,Mrs.,Debra,Wood,debra.wood@gold.pcdc.local
623253,Mr.,Cayden,Stewart,cayden.stewart@gold.pcdc.local
193819,Mr.,Benjamin,Russell,benjamin.russell@gold.pcdc.local
844177,Ms.,Margaret,Allen,margaret.allen@gold.pcdc.local
726264,Mr.,Carl,Collins,carl.collins@gold.pcdc.local
134841,Ms.,Donna,Brown,donna.brown@gold.pcdc.local
456747,Mr.,Roy,Griffin,roy.griffin@gold.pcdc.local
400173,Mrs.,Dorothy,Edwards,dorothy.edwards@gold.pcdc.local
639892,Mr.,Jose,Hill,jose.hill@gold.pcdc.local
447813,Mrs.,Ann,Coleman,ann.coleman@gold.pcdc.local
489424,Mr.,Phillip,White,phillip.white@gold.pcdc.local
162402,Ms.,Diana,Peterson,diana.peterson@gold.pcdc.local
185032,Mr.,Eugene,Perez,eugene.perez@gold.pcdc.local
263480,Mr.,Daniel,Cooper,daniel.cooper@gold.pcdc.local
329752,Mrs.,Keisha,Brown,keisha.brown@gold.pcdc.local
495141,Ms.,Tammy,Young,tammy.young@gold.pcdc.local
293459,Dr.,Steven,Phillips,steven.phillips@gold.pcdc.local
253573,Dr.,Sharon,Lopez,sharon.lopez@gold.pcdc.local
802554,Dr.,Ryan,Alexander,ryan.alexander@gold.pcdc.local
214352,Dr.,Beatrice,Lee,beatrice.lee@gold.pcdc.local
428945,Dr.,Joe,Robinson,joe.robinson@gold.pcdc.local
761821,Dr.,Ernest,Washington,ernest.washington@gold.pcdc.local
386158,Dr.,Melissa,King,melissa.king@gold.pcdc.local
226714,Dr.,Fatima,Davis,fatima.davis@gold.pcdc.local
225925,Dr.,Paul,Cooper,paul.cooper@gold.pcdc.local
477253,Dr.,Brittney,Russell,brittney.russell@gold.pcdc.local